id,type,app,module,message,DES.src,DES.dst,TOPO.src,TOPO.dst,module.src,service,time_in,time_out,time_emit,time_reception
1,COMP_M,0,Mod0,M.USER.APP.0,0,73,97,89,None,0.0005,4.000002,4.000502,1.0,4.000002
9,COMP_M,0,Mod0,M.USER.APP.0,8,73,64,89,None,0.0005,5.000002,5.000502,1.0,5.000002
8,COMP_M,0,Mod0,M.USER.APP.0,7,73,2,89,None,0.0005,6.000003,6.000503,1.0,6.000003
13,COMP_M,0,Mod0,M.USER.APP.0,12,73,66,89,None,0.0005,7.000003,7.000503,1.0,7.000003
14,COMP_M,0,Mod0,M.USER.APP.0,13,73,44,89,None,0.0005,8.000004,8.000504000000001,1.0,8.000004
3,COMP_M,0,Mod0,M.USER.APP.0,2,73,63,89,None,0.0005,9.000004,9.000504000000001,1.0,9.000004
20,COMP_M,0,Mod0,M.USER.APP.0,19,73,97,89,None,0.0005,10.000005000000002,10.000505000000002,1.0,10.000005000000002
1,COMP_M,0,Mod1,M0_1,73,47,89,22,Mod0,0.0003333333333333333,10.000504000000001,10.000837333333335,4.000502,10.000504000000001
4,COMP_M,0,Mod0,M.USER.APP.0,3,73,78,89,None,0.0005,11.000005000000002,11.000505000000002,1.0,11.000005000000002
1,COMP_M,0,Mod2,M0_2,73,74,89,32,Mod0,0.0004,11.000505,11.000905000000001,4.000502,11.000505
15,COMP_M,0,Mod0,M.USER.APP.0,14,73,59,89,None,0.0005,12.000006000000003,12.000506000000003,1.0,12.000006000000003
17,COMP_M,0,Mod0,M.USER.APP.0,16,73,45,89,None,0.0005,13.000006000000003,13.000506000000003,1.0,13.000006000000003
39,COMP_M,0,Mod0,M.USER.APP.0,13,73,44,89,None,0.0005,14.000007000000004,14.000507000000004,2.0,14.000007000000004
1,COMP_M,0,Mod3,M0_3,73,71,89,48,Mod0,0.0004,14.000506000000001,14.000906000000002,4.000502,14.000506000000001
1,COMP_M,0,Mod4,M0_4,73,72,89,49,Mod0,0.001,14.000507000000002,14.001507000000002,4.000502,14.000507000000002
2,COMP_M,0,Mod0,M.USER.APP.0,1,73,33,89,None,0.0005,15.000007000000004,15.000507000000004,1.0,15.000007000000004
1,COMP_M,0,Mod5,M1_1,47,70,22,75,Mod1,0.0003333333333333333,15.000839333333335,15.001172666666669,10.000837333333335,15.000839333333335
24,COMP_M,0,Mod0,M.USER.APP.0,23,73,99,89,None,0.0005,16.000008,16.000508,1.0,16.000008
16,COMP_M,0,Mod0,M.USER.APP.0,15,73,68,89,None,0.0005,17.000008000000005,17.000508000000004,1.0,17.000008000000005
1,COMP_M,0,Mod5,M1_4,72,70,49,75,Mod4,0.0003333333333333333,17.001509000000002,17.001842333333336,14.001507000000002,17.001509000000002
26,COMP_M,0,Mod0,M.USER.APP.0,0,73,97,89,None,0.0005,18.000009000000006,18.000509000000005,2.0,18.000009000000006
9,COMP_M,0,Mod1,M0_1,73,47,89,22,Mod0,0.0003333333333333333,18.000508,18.000841333333334,5.000502,18.000508
34,COMP_M,0,Mod0,M.USER.APP.0,8,73,64,89,None,0.0005,19.000009000000006,19.000509000000005,2.0,19.000009000000006
9,COMP_M,0,Mod2,M0_2,73,74,89,32,Mod0,0.0004,19.000509,19.000909,5.000502,19.000509
18,COMP_M,0,Mod0,M.USER.APP.0,17,73,62,89,None,0.0005,20.000010000000007,20.000510000000006,1.0,20.000010000000007
5,COMP_M,0,Mod0,M.USER.APP.0,4,73,70,89,None,0.0005,21.000010000000003,21.000510000000002,1.0,21.000010000000003
33,COMP_M,0,Mod0,M.USER.APP.0,7,73,2,89,None,0.0005,22.000011000000008,22.000511000000007,2.0,22.000011000000008
9,COMP_M,0,Mod3,M0_3,73,71,89,48,Mod0,0.0004,22.000510000000002,22.00091,5.000502,22.000510000000002
9,COMP_M,0,Mod4,M0_4,73,72,89,49,Mod0,0.001,22.000511000000007,22.001511000000008,5.000502,22.000511000000007
7,COMP_M,0,Mod0,M.USER.APP.0,6,73,52,89,None,0.0005,23.000011000000008,23.000511000000007,1.0,23.000011000000008
9,COMP_M,0,Mod5,M1_1,47,70,22,75,Mod1,0.0003333333333333333,23.000843333333332,23.001176666666666,18.000841333333334,23.000843333333332
64,COMP_M,0,Mod0,M.USER.APP.0,13,73,44,89,None,0.0005,24.000012000000005,24.000512000000004,3.0,24.000012000000005
29,COMP_M,0,Mod0,M.USER.APP.0,3,73,78,89,None,0.0005,25.00001200000001,25.000512000000008,2.0,25.00001200000001
9,COMP_M,0,Mod5,M1_4,72,70,49,75,Mod4,0.0003333333333333333,25.00151300000001,25.001846333333344,22.001511000000008,25.00151300000001
45,COMP_M,0,Mod0,M.USER.APP.0,19,73,97,89,None,0.0005,26.00001300000001,26.00051300000001,2.0,26.00001300000001
8,COMP_M,0,Mod1,M0_1,73,47,89,22,Mod0,0.0003333333333333333,26.000512,26.000845333333334,6.000503,26.000512
12,COMP_M,0,Mod0,M.USER.APP.0,11,73,74,89,None,0.0005,27.00001300000001,27.00051300000001,1.0,27.00001300000001
8,COMP_M,0,Mod2,M0_2,73,74,89,32,Mod0,0.0004,27.000513000000005,27.000913000000004,6.000503,27.000513000000005
11,COMP_M,0,Mod0,M.USER.APP.0,10,73,95,89,None,0.0005,28.00001400000001,28.00051400000001,1.0,28.00001400000001
38,COMP_M,0,Mod0,M.USER.APP.0,12,73,66,89,None,0.0005,29.000014000000014,29.000514000000013,2.0,29.000014000000014
89,COMP_M,0,Mod0,M.USER.APP.0,13,73,44,89,None,0.0005,30.000015000000012,30.00051500000001,4.0,30.000015000000012
8,COMP_M,0,Mod3,M0_3,73,71,89,48,Mod0,0.0004,30.00051400000001,30.00091400000001,6.000503,30.00051400000001
8,COMP_M,0,Mod4,M0_4,73,72,89,49,Mod0,0.001,30.000515000000018,30.00151500000002,6.000503,30.000515000000018
10,COMP_M,0,Mod0,M.USER.APP.0,9,73,42,89,None,0.0005,31.000015000000015,31.000515000000014,1.0,31.000015000000015
8,COMP_M,0,Mod5,M1_1,47,70,22,75,Mod1,0.0003333333333333333,31.000847333333333,31.001180666666666,26.000845333333334,31.000847333333333
49,COMP_M,0,Mod0,M.USER.APP.0,23,73,99,89,None,0.0005,32.00001600000002,32.00051600000002,2.0,32.00001600000002
59,COMP_M,0,Mod0,M.USER.APP.0,8,73,64,89,None,0.0005,33.00001600000002,33.00051600000002,3.0,33.00001600000002
8,COMP_M,0,Mod5,M1_4,72,70,49,75,Mod4,0.0003333333333333333,33.001517000000014,33.001850333333344,30.00151500000002,33.001517000000014
51,COMP_M,0,Mod0,M.USER.APP.0,0,73,97,89,None,0.0005,34.00001700000001,34.00051700000001,3.0,34.00001700000001
13,COMP_M,0,Mod1,M0_1,73,47,89,22,Mod0,0.0003333333333333333,34.00051600000002,34.00084933333335,7.000503,34.00051600000002
1,COMP_M,0,Mod5,M1_2,74,70,32,75,Mod2,0.0003333333333333333,34.00151800000001,34.00185133333334,11.000905000000001,34.00151800000001
42,COMP_M,0,Mod0,M.USER.APP.0,16,73,45,89,None,0.0005,35.00001700000002,35.00051700000002,2.0,35.00001700000002
13,COMP_M,0,Mod2,M0_2,73,74,89,32,Mod0,0.0004,35.00051700000002,35.00091700000002,7.000503,35.00051700000002
19,COMP_M,0,Mod0,M.USER.APP.0,18,73,62,89,None,0.0005,36.00001800000001,36.000518000000014,1.0,36.00001800000001
6,COMP_M,0,Mod0,M.USER.APP.0,5,73,63,89,None,0.0005,37.00001800000002,37.00051800000002,1.0,37.00001800000002
58,COMP_M,0,Mod0,M.USER.APP.0,7,73,2,89,None,0.0005,38.00001900000001,38.00051900000001,3.0,38.00001900000001
13,COMP_M,0,Mod3,M0_3,73,71,89,48,Mod0,0.0004,38.00051800000002,38.00091800000002,7.000503,38.00051800000002
13,COMP_M,0,Mod4,M0_4,73,72,89,49,Mod0,0.001,38.00051900000002,38.001519000000016,7.000503,38.00051900000002
54,COMP_M,0,Mod0,M.USER.APP.0,3,73,78,89,None,0.0005,39.00001900000001,39.00051900000001,3.0,39.00001900000001
13,COMP_M,0,Mod5,M1_1,47,70,22,75,Mod1,0.0003333333333333333,39.000851333333344,39.001184666666674,34.00084933333335,39.000851333333344
114,COMP_M,0,Mod0,M.USER.APP.0,13,73,44,89,None,0.0005,40.00002,40.00052,5.0,40.00002
27,COMP_M,0,Mod0,M.USER.APP.0,1,73,33,89,None,0.0005,41.000020000000006,41.00052000000001,2.0,41.000020000000006
13,COMP_M,0,Mod5,M1_4,72,70,49,75,Mod4,0.0003333333333333333,41.00152100000001,41.00185433333334,38.001519000000016,41.00152100000001
70,COMP_M,0,Mod0,M.USER.APP.0,19,73,97,89,None,0.0005,42.000021,42.000521,3.0,42.000021
14,COMP_M,0,Mod1,M0_1,73,47,89,22,Mod0,0.0003333333333333333,42.00052000000002,42.00085333333335,8.000504000000001,42.00052000000002
63,COMP_M,0,Mod0,M.USER.APP.0,12,73,66,89,None,0.0005,43.000021000000004,43.000521000000006,3.0,43.000021000000004
14,COMP_M,0,Mod2,M0_2,73,74,89,32,Mod0,0.0004,43.00052100000001,43.00092100000001,8.000504000000001,43.00052100000001
21,COMP_M,0,Mod0,M.USER.APP.0,20,73,59,89,None,0.0005,44.00002199999999,44.00052199999999,1.0,44.00002199999999
41,COMP_M,0,Mod0,M.USER.APP.0,15,73,68,89,None,0.0005,45.000022,45.000522000000004,2.0,45.000022
139,COMP_M,0,Mod0,M.USER.APP.0,13,73,44,89,None,0.0005,46.000022999999985,46.00052299999999,6.0,46.000022999999985
14,COMP_M,0,Mod3,M0_3,73,71,89,48,Mod0,0.0004,46.00052200000001,46.00092200000001,8.000504000000001,46.00052200000001
14,COMP_M,0,Mod4,M0_4,73,72,89,49,Mod0,0.001,46.00052300000001,46.001523000000006,8.000504000000001,46.00052300000001
84,COMP_M,0,Mod0,M.USER.APP.0,8,73,64,89,None,0.0005,47.000023,47.000523,4.0,47.000023
14,COMP_M,0,Mod5,M1_1,47,70,22,75,Mod1,0.0003333333333333333,47.00085533333335,47.00118866666668,42.00085333333335,47.00085533333335
74,COMP_M,0,Mod0,M.USER.APP.0,23,73,99,89,None,0.0005,48.00002399999998,48.000523999999984,3.0,48.00002399999998
67,COMP_M,0,Mod0,M.USER.APP.0,16,73,45,89,None,0.0005,49.000023999999996,49.000524,3.0,49.000023999999996
14,COMP_M,0,Mod5,M1_4,72,70,49,75,Mod4,0.0003333333333333333,49.001525,49.00185833333333,46.001523000000006,49.001525
76,COMP_M,0,Mod0,M.USER.APP.0,0,73,97,89,None,0.0005,50.00002499999998,50.00052499999998,4.0,50.00002499999998
3,COMP_M,0,Mod1,M0_1,73,47,89,22,Mod0,0.0003333333333333333,50.000524000000006,50.000857333333336,9.000504000000001,50.000524000000006
28,COMP_M,0,Mod0,M.USER.APP.0,2,73,63,89,None,0.0005,51.000024999999994,51.000524999999996,2.0,51.000024999999994
3,COMP_M,0,Mod2,M0_2,73,74,89,32,Mod0,0.0004,51.000525,51.000925,9.000504000000001,51.000525
43,COMP_M,0,Mod0,M.USER.APP.0,17,73,62,89,None,0.0005,52.00002599999998,52.00052599999998,2.0,52.00002599999998
79,COMP_M,0,Mod0,M.USER.APP.0,3,73,78,89,None,0.0005,53.00002599999999,53.000525999999994,4.0,53.00002599999999
9,COMP_M,0,Mod5,M1_2,74,70,32,75,Mod2,0.0003333333333333333,53.000026499999954,53.000359833333285,19.000909,53.000026499999954
83,COMP_M,0,Mod0,M.USER.APP.0,7,73,2,89,None,0.0005,54.000026999999974,54.00052699999998,4.0,54.000026999999974
3,COMP_M,0,Mod3,M0_3,73,71,89,48,Mod0,0.0004,54.000526,54.000926,9.000504000000001,54.000526
3,COMP_M,0,Mod4,M0_4,73,72,89,49,Mod0,0.001,54.000527,54.001526999999996,9.000504000000001,54.000527
22,COMP_M,0,Mod0,M.USER.APP.0,21,73,74,89,None,0.0005,55.00002699999999,55.00052699999999,1.0,55.00002699999999
3,COMP_M,0,Mod5,M1_1,47,70,22,75,Mod1,0.0003333333333333333,55.00085933333333,55.00119266666666,50.000857333333336,55.00085933333333
164,COMP_M,0,Mod0,M.USER.APP.0,13,73,44,89,None,0.0005,56.00002799999997,56.000527999999974,7.0,56.00002799999997
30,COMP_M,0,Mod0,M.USER.APP.0,4,73,70,89,None,0.0005,57.000027999999986,57.00052799999999,2.0,57.000027999999986
3,COMP_M,0,Mod5,M1_4,72,70,49,75,Mod4,0.0003333333333333333,57.00152899999999,57.00186233333332,54.001526999999996,57.00152899999999
95,COMP_M,0,Mod0,M.USER.APP.0,19,73,97,89,None,0.0005,58.00002899999997,58.00052899999997,4.0,58.00002899999997
20,COMP_M,0,Mod1,M0_1,73,47,89,22,Mod0,0.0003333333333333333,58.000527999999996,58.000861333333326,10.000505000000002,58.000527999999996
66,COMP_M,0,Mod0,M.USER.APP.0,15,73,68,89,None,0.0005,59.000028999999984,59.000528999999986,3.0,59.000028999999984
20,COMP_M,0,Mod2,M0_2,73,74,89,32,Mod0,0.0004,59.00052899999999,59.00092899999999,10.000505000000002,59.00052899999999
36,COMP_M,0,Mod0,M.USER.APP.0,10,73,95,89,None,0.0005,60.00002999999997,60.00052999999997,2.0,60.00002999999997
1,COMP_M,0,Mod5,M1_3,71,70,48,75,Mod3,0.0003333333333333333,61.00001649999997,61.0003498333333,14.000906000000002,61.00001649999997
109,COMP_M,0,Mod0,M.USER.APP.0,8,73,64,89,None,0.0005,61.00002999999998,61.00052999999998,5.0,61.00002999999998
189,COMP_M,0,Mod0,M.USER.APP.0,13,73,44,89,None,0.0005,62.000030999999964,62.00053099999997,8.0,62.000030999999964
20,COMP_M,0,Mod3,M0_3,73,71,89,48,Mod0,0.0004,62.00052999999999,62.00092999999999,10.000505000000002,62.00052999999999
20,COMP_M,0,Mod4,M0_4,73,72,89,49,Mod0,0.001,62.00053099999999,62.001530999999986,10.000505000000002,62.00053099999999
88,COMP_M,0,Mod0,M.USER.APP.0,12,73,66,89,None,0.0005,63.00003099999998,63.00053099999998,4.0,63.00003099999998
20,COMP_M,0,Mod5,M1_1,47,70,22,75,Mod1,0.0003333333333333333,63.00086333333332,63.00119666666665,58.000861333333326,63.00086333333332
99,COMP_M,0,Mod0,M.USER.APP.0,23,73,99,89,None,0.0005,64.00003199999996,64.00053199999996,4.0,64.00003199999996
25,COMP_M,0,Mod0,M.USER.APP.0,24,73,52,89,None,0.0005,65.00003199999998,65.00053199999998,1.0,65.00003199999998
20,COMP_M,0,Mod5,M1_4,72,70,49,75,Mod4,0.0003333333333333333,65.00153299999998,65.00186633333331,62.001530999999986,65.00153299999998
101,COMP_M,0,Mod0,M.USER.APP.0,0,73,97,89,None,0.0005,66.00003299999996,66.00053299999996,5.0,66.00003299999996
4,COMP_M,0,Mod1,M0_1,73,47,89,22,Mod0,0.0003333333333333333,66.00053199999999,66.00086533333332,11.000505000000002,66.00053199999999
104,COMP_M,0,Mod0,M.USER.APP.0,3,73,78,89,None,0.0005,67.00003299999997,67.00053299999998,5.0,67.00003299999997
4,COMP_M,0,Mod2,M0_2,73,74,89,32,Mod0,0.0004,67.00053299999998,67.00093299999997,11.000505000000002,67.00053299999998
8,COMP_M,0,Mod5,M1_2,74,70,32,75,Mod2,0.0003333333333333333,68.00003399999994,68.00036733333327,27.000913000000004,68.00003399999994
44,COMP_M,0,Mod0,M.USER.APP.0,18,73,62,89,None,0.0005,68.00003399999996,68.00053399999996,2.0,68.00003399999996
52,COMP_M,0,Mod0,M.USER.APP.0,1,73,33,89,None,0.0005,69.00003399999997,69.00053399999997,3.0,69.00003399999997
108,COMP_M,0,Mod0,M.USER.APP.0,7,73,2,89,None,0.0005,70.00003499999995,70.00053499999996,5.0,70.00003499999995
4,COMP_M,0,Mod3,M0_3,73,71,89,48,Mod0,0.0004,70.00053399999999,70.00093399999999,11.000505000000002,70.00053399999999
4,COMP_M,0,Mod4,M0_4,73,72,89,49,Mod0,0.001,70.00053499999999,70.00153499999999,11.000505000000002,70.00053499999999
92,COMP_M,0,Mod0,M.USER.APP.0,16,73,45,89,None,0.0005,71.00003499999997,71.00053499999997,4.0,71.00003499999997
4,COMP_M,0,Mod5,M1_1,47,70,22,75,Mod1,0.0003333333333333333,71.00086733333332,71.00120066666665,66.00086533333332,71.00086733333332
214,COMP_M,0,Mod0,M.USER.APP.0,13,73,44,89,None,0.0005,72.00003599999995,72.00053599999995,9.0,72.00003599999995
35,COMP_M,0,Mod0,M.USER.APP.0,9,73,42,89,None,0.0005,73.00003599999997,73.00053599999997,2.0,73.00003599999997
4,COMP_M,0,Mod5,M1_4,72,70,49,75,Mod4,0.0003333333333333333,73.00153699999998,73.00187033333331,70.00153499999999,73.00153699999998
120,COMP_M,0,Mod0,M.USER.APP.0,19,73,97,89,None,0.0005,74.00003699999995,74.00053699999995,5.0,74.00003699999995
15,COMP_M,0,Mod1,M0_1,73,47,89,22,Mod0,0.0003333333333333333,74.00053599999998,74.00086933333331,12.000506000000003,74.00053599999998
134,COMP_M,0,Mod0,M.USER.APP.0,8,73,64,89,None,0.0005,75.00003699999996,75.00053699999997,6.0,75.00003699999996
15,COMP_M,0,Mod2,M0_2,73,74,89,32,Mod0,0.0004,75.00053699999998,75.00093699999998,12.000506000000003,75.00053699999998
40,COMP_M,0,Mod0,M.USER.APP.0,14,73,59,89,None,0.0005,76.00003799999996,76.00053799999996,2.0,76.00003799999996
113,COMP_M,0,Mod0,M.USER.APP.0,12,73,66,89,None,0.0005,77.00003799999996,77.00053799999996,5.0,77.00003799999996
239,COMP_M,0,Mod0,M.USER.APP.0,13,73,44,89,None,0.0005,78.00003899999994,78.00053899999995,10.0,78.00003899999994
15,COMP_M,0,Mod3,M0_3,73,71,89,48,Mod0,0.0004,78.00053799999998,78.00093799999998,12.000506000000003,78.00053799999998
15,COMP_M,0,Mod4,M0_4,73,72,89,49,Mod0,0.001,78.00053899999997,78.00153899999998,12.000506000000003,78.00053899999997
31,COMP_M,0,Mod0,M.USER.APP.0,5,73,63,89,None,0.0005,79.00003899999996,79.00053899999996,2.0,79.00003899999996
15,COMP_M,0,Mod5,M1_1,47,70,22,75,Mod1,0.0003333333333333333,79.00087133333331,79.00120466666664,74.00086933333331,79.00087133333331
124,COMP_M,0,Mod0,M.USER.APP.0,23,73,99,89,None,0.0005,80.00003999999994,80.00053999999994,5.0,80.00003999999994
129,COMP_M,0,Mod0,M.USER.APP.0,3,73,78,89,None,0.0005,81.00003999999996,81.00053999999996,6.0,81.00003999999996
15,COMP_M,0,Mod5,M1_4,72,70,49,75,Mod4,0.0003333333333333333,81.00154099999997,81.0018743333333,78.00153899999998,81.00154099999997
126,COMP_M,0,Mod0,M.USER.APP.0,0,73,97,89,None,0.0005,82.00004099999994,82.00054099999994,6.0,82.00004099999994
17,COMP_M,0,Mod1,M0_1,73,47,89,22,Mod0,0.0003333333333333333,82.00053999999997,82.0008733333333,13.000506000000003,82.00053999999997
23,COMP_M,0,Mod0,M.USER.APP.0,22,73,74,89,None,0.0005,83.00004099999995,83.00054099999996,1.0,83.00004099999995
17,COMP_M,0,Mod2,M0_2,73,74,89,32,Mod0,0.0004,83.00054099999997,83.00094099999997,13.000506000000003,83.00054099999997
68,COMP_M,0,Mod0,M.USER.APP.0,17,73,62,89,None,0.0005,84.00004199999994,84.00054199999994,3.0,84.00004199999994
117,COMP_M,0,Mod0,M.USER.APP.0,16,73,45,89,None,0.0005,85.00004199999995,85.00054199999995,5.0,85.00004199999995
13,COMP_M,0,Mod5,M1_2,74,70,32,75,Mod2,0.0003333333333333333,85.00004249999992,85.00037583333325,35.00091700000002,85.00004249999992
133,COMP_M,0,Mod0,M.USER.APP.0,7,73,2,89,None,0.0005,86.00004299999993,86.00054299999994,6.0,86.00004299999993
17,COMP_M,0,Mod3,M0_3,73,71,89,48,Mod0,0.0004,86.00054199999997,86.00094199999997,13.000506000000003,86.00054199999997
17,COMP_M,0,Mod4,M0_4,73,72,89,49,Mod0,0.001,86.00054299999996,86.00154299999997,13.000506000000003,86.00054299999996
91,COMP_M,0,Mod0,M.USER.APP.0,15,73,68,89,None,0.0005,87.00004299999995,87.00054299999995,4.0,87.00004299999995
17,COMP_M,0,Mod5,M1_1,47,70,22,75,Mod1,0.0003333333333333333,87.0008753333333,87.00120866666663,82.0008733333333,87.0008753333333
264,COMP_M,0,Mod0,M.USER.APP.0,13,73,44,89,None,0.0005,88.00004399999993,88.00054399999993,11.0,88.00004399999993
159,COMP_M,0,Mod0,M.USER.APP.0,8,73,64,89,None,0.0005,89.00004399999995,89.00054399999995,7.0,89.00004399999995
17,COMP_M,0,Mod5,M1_4,72,70,49,75,Mod4,0.0003333333333333333,89.00154499999996,89.0018783333333,86.00154299999997,89.00154499999996
145,COMP_M,0,Mod0,M.USER.APP.0,19,73,97,89,None,0.0005,90.00004499999993,90.00054499999993,6.0,90.00004499999993
39,COMP_M,0,Mod1,M0_1,73,47,89,22,Mod0,0.0003333333333333333,90.00054399999996,90.00087733333329,14.000507000000004,90.00054399999996
55,COMP_M,0,Mod0,M.USER.APP.0,4,73,70,89,None,0.0005,91.00004499999994,91.00054499999995,3.0,91.00004499999994
39,COMP_M,0,Mod2,M0_2,73,74,89,32,Mod0,0.0004,91.00054499999996,91.00094499999996,14.000507000000004,91.00054499999996
61,COMP_M,0,Mod0,M.USER.APP.0,10,73,95,89,None,0.0005,92.00004599999993,92.00054599999993,3.0,92.00004599999993
9,COMP_M,0,Mod5,M1_3,71,70,48,75,Mod3,0.0003333333333333333,93.00002449999995,93.00035783333328,22.00091,93.00002449999995
53,COMP_M,0,Mod0,M.USER.APP.0,2,73,63,89,None,0.0005,93.00004599999994,93.00054599999994,3.0,93.00004599999994
289,COMP_M,0,Mod0,M.USER.APP.0,13,73,44,89,None,0.0005,94.00004699999994,94.00054699999994,12.0,94.00004699999994
39,COMP_M,0,Mod3,M0_3,73,71,89,48,Mod0,0.0004,94.00054599999996,94.00094599999996,14.000507000000004,94.00054599999996
39,COMP_M,0,Mod4,M0_4,73,72,89,49,Mod0,0.001,94.00054699999995,94.00154699999996,14.000507000000004,94.00054699999995
154,COMP_M,0,Mod0,M.USER.APP.0,3,73,78,89,None,0.0005,95.00004699999994,95.00054699999994,7.0,95.00004699999994
39,COMP_M,0,Mod5,M1_1,47,70,22,75,Mod1,0.0003333333333333333,95.00087933333329,95.00121266666662,90.00087733333329,95.00087933333329
149,COMP_M,0,Mod0,M.USER.APP.0,23,73,99,89,None,0.0005,96.00004799999994,96.00054799999994,6.0,96.00004799999994
77,COMP_M,0,Mod0,M.USER.APP.0,1,73,33,89,None,0.0005,97.00004799999994,97.00054799999994,4.0,97.00004799999994
39,COMP_M,0,Mod5,M1_4,72,70,49,75,Mod4,0.0003333333333333333,97.00154899999995,97.00188233333328,94.00154699999996,97.00154899999995
151,COMP_M,0,Mod0,M.USER.APP.0,0,73,97,89,None,0.0005,98.00004899999993,98.00054899999994,7.0,98.00004899999993
2,COMP_M,0,Mod1,M0_1,73,47,89,22,Mod0,0.0003333333333333333,98.00054799999995,98.00088133333328,15.000507000000004,98.00054799999995
138,COMP_M,0,Mod0,M.USER.APP.0,12,73,66,89,None,0.0005,99.00004899999993,99.00054899999994,6.0,99.00004899999993
2,COMP_M,0,Mod2,M0_2,73,74,89,32,Mod0,0.0004,99.00054899999995,99.00094899999995,15.000507000000004,99.00054899999995
69,COMP_M,0,Mod0,M.USER.APP.0,18,73,62,89,None,0.0005,100.00004999999993,100.00054999999993,3.0,100.00004999999993
116,COMP_M,0,Mod0,M.USER.APP.0,15,73,68,89,None,0.0005,101.00004999999993,101.00054999999993,5.0,101.00004999999993
14,COMP_M,0,Mod5,M1_2,74,70,32,75,Mod2,0.0003333333333333333,102.0000509999999,102.00038433333323,43.00092100000001,102.0000509999999
158,COMP_M,0,Mod0,M.USER.APP.0,7,73,2,89,None,0.0005,102.00005099999993,102.00055099999993,7.0,102.00005099999993
2,COMP_M,0,Mod3,M0_3,73,71,89,48,Mod0,0.0004,102.00054999999995,102.00094999999995,15.000507000000004,102.00054999999995
2,COMP_M,0,Mod4,M0_4,73,72,89,49,Mod0,0.001,102.00055099999994,102.00155099999995,15.000507000000004,102.00055099999994
184,COMP_M,0,Mod0,M.USER.APP.0,8,73,64,89,None,0.0005,103.00005099999993,103.00055099999993,8.0,103.00005099999993
2,COMP_M,0,Mod5,M1_1,47,70,22,75,Mod1,0.0003333333333333333,103.00088333333328,103.00121666666661,98.00088133333328,103.00088333333328
314,COMP_M,0,Mod0,M.USER.APP.0,13,73,44,89,None,0.0005,104.00005199999993,104.00055199999993,13.0,104.00005199999993
142,COMP_M,0,Mod0,M.USER.APP.0,16,73,45,89,None,0.0005,105.00005199999993,105.00055199999993,6.0,105.00005199999993
2,COMP_M,0,Mod5,M1_4,72,70,49,75,Mod4,0.0003333333333333333,105.00155299999994,105.00188633333327,102.00155099999995,105.00155299999994
170,COMP_M,0,Mod0,M.USER.APP.0,19,73,97,89,None,0.0005,106.00005299999992,106.00055299999993,7.0,106.00005299999992
24,COMP_M,0,Mod1,M0_1,73,47,89,22,Mod0,0.0003333333333333333,106.00055199999994,106.00088533333327,16.000508,106.00055199999994
32,COMP_M,0,Mod0,M.USER.APP.0,6,73,52,89,None,0.0005,107.00005299999992,107.00055299999993,2.0,107.00005299999992
24,COMP_M,0,Mod2,M0_2,73,74,89,32,Mod0,0.0004,107.00055299999994,107.00095299999994,16.000508,107.00055299999994
46,COMP_M,0,Mod0,M.USER.APP.0,20,73,59,89,None,0.0005,108.00005399999992,108.00055399999992,2.0,108.00005399999992
179,COMP_M,0,Mod0,M.USER.APP.0,3,73,78,89,None,0.0005,109.00005399999992,109.00055399999992,8.0,109.00005399999992
174,COMP_M,0,Mod0,M.USER.APP.0,23,73,99,89,None,0.0005,110.00005499999992,110.00055499999992,7.0,110.00005499999992
24,COMP_M,0,Mod3,M0_3,73,71,89,48,Mod0,0.0004,110.00055399999994,110.00095399999994,16.000508,110.00055399999994
24,COMP_M,0,Mod4,M0_4,73,72,89,49,Mod0,0.001,110.00055499999993,110.00155499999994,16.000508,110.00055499999993
37,COMP_M,0,Mod0,M.USER.APP.0,11,73,74,89,None,0.0005,111.00005499999992,111.00055499999992,2.0,111.00005499999992
24,COMP_M,0,Mod5,M1_1,47,70,22,75,Mod1,0.0003333333333333333,111.00088733333327,111.0012206666666,106.00088533333327,111.00088733333327
176,COMP_M,0,Mod0,M.USER.APP.0,0,73,97,89,None,0.0005,112.00005599999992,112.00055599999992,8.0,112.00005599999992
163,COMP_M,0,Mod0,M.USER.APP.0,12,73,66,89,None,0.0005,113.00005599999992,113.00055599999992,7.0,113.00005599999992
24,COMP_M,0,Mod5,M1_4,72,70,49,75,Mod4,0.0003333333333333333,113.00155699999993,113.00189033333326,110.00155499999994,113.00155699999993
339,COMP_M,0,Mod0,M.USER.APP.0,13,73,44,89,None,0.0005,114.00005699999991,114.00055699999992,15.0,114.00005699999991
16,COMP_M,0,Mod1,M0_1,73,47,89,22,Mod0,0.0003333333333333333,114.00055599999993,114.00088933333326,17.000508000000004,114.00055599999993
60,COMP_M,0,Mod0,M.USER.APP.0,9,73,42,89,None,0.0005,115.00005699999991,115.00055699999992,3.0,115.00005699999991
16,COMP_M,0,Mod2,M0_2,73,74,89,32,Mod0,0.0004,115.00055699999993,115.00095699999993,17.000508000000004,115.00055699999993
93,COMP_M,0,Mod0,M.USER.APP.0,17,73,62,89,None,0.0005,116.00005799999991,116.00055799999991,4.0,116.00005799999991
167,COMP_M,0,Mod0,M.USER.APP.0,16,73,45,89,None,0.0005,117.00005799999991,117.00055799999991,7.0,117.00005799999991
3,COMP_M,0,Mod5,M1_2,74,70,32,75,Mod2,0.0003333333333333333,117.00005849999988,117.00039183333321,51.000925,117.00005849999988
183,COMP_M,0,Mod0,M.USER.APP.0,7,73,2,89,None,0.0005,118.00005899999991,118.00055899999991,8.0,118.00005899999991
16,COMP_M,0,Mod3,M0_3,73,71,89,48,Mod0,0.0004,118.00055799999993,118.00095799999993,17.000508000000004,118.00055799999993
16,COMP_M,0,Mod4,M0_4,73,72,89,49,Mod0,0.001,118.00055899999992,118.00155899999993,17.000508000000004,118.00055899999992
209,COMP_M,0,Mod0,M.USER.APP.0,8,73,64,89,None,0.0005,119.00005899999991,119.00055899999991,9.0,119.00005899999991
16,COMP_M,0,Mod5,M1_1,47,70,22,75,Mod1,0.0003333333333333333,119.00089133333326,119.00122466666659,114.00088933333326,119.00089133333326
195,COMP_M,0,Mod0,M.USER.APP.0,19,73,97,89,None,0.0005,120.0000599999999,120.00055999999991,8.0,120.0000599999999
8,COMP_M,0,Mod5,M1_3,71,70,48,75,Mod3,0.0003333333333333333,121.00003149999992,121.00036483333325,30.00091400000001,121.00003149999992
56,COMP_M,0,Mod0,M.USER.APP.0,5,73,63,89,None,0.0005,121.0000599999999,121.00055999999991,3.0,121.0000599999999
16,COMP_M,0,Mod5,M1_4,72,70,49,75,Mod4,0.0003333333333333333,122.00003249999992,122.00036583333325,118.00155899999993,122.00003249999992
364,COMP_M,0,Mod0,M.USER.APP.0,13,73,44,89,None,0.0005,122.0000609999999,122.0005609999999,16.0,122.0000609999999
26,COMP_M,0,Mod1,M0_1,73,47,89,22,Mod0,0.0003333333333333333,122.00055999999992,122.00089333333325,18.000509000000005,122.00055999999992
204,COMP_M,0,Mod0,M.USER.APP.0,3,73,78,89,None,0.0005,123.0000609999999,123.0005609999999,9.0,123.0000609999999
26,COMP_M,0,Mod2,M0_2,73,74,89,32,Mod0,0.0004,123.00056099999992,123.00096099999992,18.000509000000005,123.00056099999992
86,COMP_M,0,Mod0,M.USER.APP.0,10,73,95,89,None,0.0005,124.0000619999999,124.0005619999999,4.0,124.0000619999999
102,COMP_M,0,Mod0,M.USER.APP.0,1,73,33,89,None,0.0005,125.0000619999999,125.0005619999999,5.0,125.0000619999999
199,COMP_M,0,Mod0,M.USER.APP.0,23,73,99,89,None,0.0005,126.0000629999999,126.0005629999999,8.0,126.0000629999999
26,COMP_M,0,Mod3,M0_3,73,71,89,48,Mod0,0.0004,126.00056199999992,126.00096199999992,18.000509000000005,126.00056199999992
26,COMP_M,0,Mod4,M0_4,73,72,89,49,Mod0,0.001,126.00056299999991,126.00156299999992,18.000509000000005,126.00056299999991
80,COMP_M,0,Mod0,M.USER.APP.0,4,73,70,89,None,0.0005,127.0000629999999,127.0005629999999,4.0,127.0000629999999
26,COMP_M,0,Mod5,M1_1,47,70,22,75,Mod1,0.0003333333333333333,127.00089533333325,127.00122866666658,122.00089333333325,127.00089533333325
201,COMP_M,0,Mod0,M.USER.APP.0,0,73,97,89,None,0.0005,128.0000639999999,128.00056399999988,9.0,128.0000639999999
141,COMP_M,0,Mod0,M.USER.APP.0,15,73,68,89,None,0.0005,129.0000639999999,129.00056399999988,6.0,129.0000639999999
26,COMP_M,0,Mod5,M1_4,72,70,49,75,Mod4,0.0003333333333333333,129.0015649999999,129.00189833333326,126.00156299999992,129.0015649999999
389,COMP_M,0,Mod0,M.USER.APP.0,13,73,44,89,None,0.0005,130.0000649999999,130.00056499999988,17.0,130.0000649999999
34,COMP_M,0,Mod1,M0_1,73,47,89,22,Mod0,0.0003333333333333333,130.0005639999999,130.00089733333326,19.000509000000005,130.0005639999999
188,COMP_M,0,Mod0,M.USER.APP.0,12,73,66,89,None,0.0005,131.0000649999999,131.00056499999988,8.0,131.0000649999999
34,COMP_M,0,Mod2,M0_2,73,74,89,32,Mod0,0.0004,131.0005649999999,131.00096499999992,19.000509000000005,131.0005649999999
94,COMP_M,0,Mod0,M.USER.APP.0,18,73,62,89,None,0.0005,132.0000659999999,132.00056599999988,4.0,132.0000659999999
234,COMP_M,0,Mod0,M.USER.APP.0,8,73,64,89,None,0.0005,133.0000659999999,133.00056599999988,10.0,133.0000659999999
208,COMP_M,0,Mod0,M.USER.APP.0,7,73,2,89,None,0.0005,134.0000669999999,134.00056699999988,9.0,134.0000669999999
34,COMP_M,0,Mod3,M0_3,73,71,89,48,Mod0,0.0004,134.0005659999999,134.00096599999992,19.000509000000005,134.0005659999999
34,COMP_M,0,Mod4,M0_4,73,72,89,49,Mod0,0.001,134.0005669999999,134.0015669999999,19.000509000000005,134.0005669999999
78,COMP_M,0,Mod0,M.USER.APP.0,2,73,63,89,None,0.0005,135.0000669999999,135.00056699999988,4.0,135.0000669999999
34,COMP_M,0,Mod5,M1_1,47,70,22,75,Mod1,0.0003333333333333333,135.00089933333325,135.0012326666666,130.00089733333326,135.00089933333325
220,COMP_M,0,Mod0,M.USER.APP.0,19,73,97,89,None,0.0005,136.00006799999989,136.00056799999987,9.0,136.00006799999989
20,COMP_M,0,Mod5,M1_2,74,70,32,75,Mod2,0.0003333333333333333,136.00090033333325,136.0012336666666,59.00092899999999,136.00090033333325
229,COMP_M,0,Mod0,M.USER.APP.0,3,73,78,89,None,0.0005,137.00006799999989,137.00056799999987,10.0,137.00006799999989
34,COMP_M,0,Mod5,M1_4,72,70,49,75,Mod4,0.0003333333333333333,137.0015689999999,137.00190233333325,134.0015669999999,137.0015689999999
414,COMP_M,0,Mod0,M.USER.APP.0,13,73,44,89,None,0.0005,138.00006899999988,138.00056899999987,18.0,138.00006899999988
18,COMP_M,0,Mod1,M0_1,73,47,89,22,Mod0,0.0003333333333333333,138.0005679999999,138.00090133333325,20.000510000000006,138.0005679999999
47,COMP_M,0,Mod0,M.USER.APP.0,21,73,74,89,None,0.0005,139.00006899999988,139.00056899999987,2.0,139.00006899999988
18,COMP_M,0,Mod2,M0_2,73,74,89,32,Mod0,0.0004,139.0005689999999,139.0009689999999,20.000510000000006,139.0005689999999
65,COMP_M,0,Mod0,M.USER.APP.0,14,73,59,89,None,0.0005,140.00006999999988,140.00056999999987,3.0,140.00006999999988
192,COMP_M,0,Mod0,M.USER.APP.0,16,73,45,89,None,0.0005,141.00006999999988,141.00056999999987,8.0,141.00006999999988
224,COMP_M,0,Mod0,M.USER.APP.0,23,73,99,89,None,0.0005,142.00007099999988,142.00057099999987,9.0,142.00007099999988
18,COMP_M,0,Mod3,M0_3,73,71,89,48,Mod0,0.0004,142.0005699999999,142.0009699999999,20.000510000000006,142.0005699999999
18,COMP_M,0,Mod4,M0_4,73,72,89,49,Mod0,0.001,142.0005709999999,142.0015709999999,20.000510000000006,142.0005709999999
166,COMP_M,0,Mod0,M.USER.APP.0,15,73,68,89,None,0.0005,143.00007099999988,143.00057099999987,7.0,143.00007099999988
18,COMP_M,0,Mod5,M1_1,47,70,22,75,Mod1,0.0003333333333333333,143.00090333333324,143.00123666666659,138.00090133333325,143.00090333333324
226,COMP_M,0,Mod0,M.USER.APP.0,0,73,97,89,None,0.0005,144.00007199999988,144.00057199999986,10.0,144.00007199999988
213,COMP_M,0,Mod0,M.USER.APP.0,12,73,66,89,None,0.0005,145.00007199999988,145.00057199999986,9.0,145.00007199999988
18,COMP_M,0,Mod5,M1_4,72,70,49,75,Mod4,0.0003333333333333333,145.0015729999999,145.00190633333324,142.0015709999999,145.0015729999999
439,COMP_M,0,Mod0,M.USER.APP.0,13,73,44,89,None,0.0005,146.00007299999987,146.00057299999986,19.0,146.00007299999987
5,COMP_M,0,Mod1,M0_1,73,47,89,22,Mod0,0.0003333333333333333,146.0005719999999,146.00090533333324,21.000510000000002,146.0005719999999
259,COMP_M,0,Mod0,M.USER.APP.0,8,73,64,89,None,0.0005,147.00007299999987,147.00057299999986,11.0,147.00007299999987
5,COMP_M,0,Mod2,M0_2,73,74,89,32,Mod0,0.0004,147.0005729999999,147.0009729999999,21.000510000000002,147.0005729999999
118,COMP_M,0,Mod0,M.USER.APP.0,17,73,62,89,None,0.0005,148.00007399999987,148.00057399999986,5.0,148.00007399999987
50,COMP_M,0,Mod0,M.USER.APP.0,24,73,52,89,None,0.0005,149.00007399999987,149.00057399999986,2.0,149.00007399999987
233,COMP_M,0,Mod0,M.USER.APP.0,7,73,2,89,None,0.0005,150.00007499999987,150.00057499999986,10.0,150.00007499999987
5,COMP_M,0,Mod3,M0_3,73,71,89,48,Mod0,0.0004,150.0005739999999,150.0009739999999,21.000510000000002,150.0005739999999
5,COMP_M,0,Mod4,M0_4,73,72,89,49,Mod0,0.001,150.00057499999988,150.0015749999999,21.000510000000002,150.00057499999988
13,COMP_M,0,Mod5,M1_3,71,70,48,75,Mod3,0.0003333333333333333,151.0000389999999,151.00037233333325,38.00091800000002,151.0000389999999
254,COMP_M,0,Mod0,M.USER.APP.0,3,73,78,89,None,0.0005,151.00007499999987,151.00057499999986,11.0,151.00007499999987
5,COMP_M,0,Mod5,M1_1,47,70,22,75,Mod1,0.0003333333333333333,152.0000399999999,152.00037333333324,146.00090533333324,152.0000399999999
245,COMP_M,0,Mod0,M.USER.APP.0,19,73,97,89,None,0.0005,152.00007599999986,152.00057599999985,10.0,152.00007599999986
127,COMP_M,0,Mod0,M.USER.APP.0,1,73,33,89,None,0.0005,153.00007599999986,153.00057599999985,6.0,153.00007599999986
5,COMP_M,0,Mod5,M1_4,72,70,49,75,Mod4,0.0003333333333333333,153.00157699999988,153.00191033333323,150.0015749999999,153.00157699999988
464,COMP_M,0,Mod0,M.USER.APP.0,13,73,44,89,None,0.0005,154.00007699999986,154.00057699999985,20.0,154.00007699999986
33,COMP_M,0,Mod1,M0_1,73,47,89,22,Mod0,0.0003333333333333333,154.0005759999999,154.00090933333325,22.000511000000007,154.0005759999999
217,COMP_M,0,Mod0,M.USER.APP.0,16,73,45,89,None,0.0005,155.00007699999986,155.00057699999985,9.0,155.00007699999986
33,COMP_M,0,Mod2,M0_2,73,74,89,32,Mod0,0.0004,155.00057699999988,155.0009769999999,22.000511000000007,155.00057699999988
111,COMP_M,0,Mod0,M.USER.APP.0,10,73,95,89,None,0.0005,156.00007799999986,156.00057799999985,5.0,156.00007799999986
85,COMP_M,0,Mod0,M.USER.APP.0,9,73,42,89,None,0.0005,157.00007799999986,157.00057799999985,4.0,157.00007799999986
4,COMP_M,0,Mod5,M1_2,74,70,32,75,Mod2,0.0003333333333333333,157.00007849999983,157.00041183333317,67.00093299999997,157.00007849999983
249,COMP_M,0,Mod0,M.USER.APP.0,23,73,99,89,None,0.0005,158.00007899999986,158.00057899999985,10.0,158.00007899999986
33,COMP_M,0,Mod3,M0_3,73,71,89,48,Mod0,0.0004,158.00057799999988,158.0009779999999,22.000511000000007,158.00057799999988
33,COMP_M,0,Mod4,M0_4,73,72,89,49,Mod0,0.001,158.00057899999987,158.00157899999988,22.000511000000007,158.00057899999987
105,COMP_M,0,Mod0,M.USER.APP.0,4,73,70,89,None,0.0005,159.00007899999986,159.00057899999985,5.0,159.00007899999986
33,COMP_M,0,Mod5,M1_1,47,70,22,75,Mod1,0.0003333333333333333,159.00091133333325,159.0012446666666,154.00090933333325,159.00091133333325
251,COMP_M,0,Mod0,M.USER.APP.0,0,73,97,89,None,0.0005,160.00007999999985,160.00057999999984,11.0,160.00007999999985
284,COMP_M,0,Mod0,M.USER.APP.0,8,73,64,89,None,0.0005,161.00007999999985,161.00057999999984,12.0,161.00007999999985
33,COMP_M,0,Mod5,M1_4,72,70,49,75,Mod4,0.0003333333333333333,161.00158099999987,161.00191433333322,158.00157899999988,161.00158099999987
489,COMP_M,0,Mod0,M.USER.APP.0,13,73,44,89,None,0.0005,162.00008099999985,162.00058099999984,21.0,162.00008099999985
7,COMP_M,0,Mod1,M0_1,73,47,89,22,Mod0,0.0003333333333333333,162.00057999999987,162.00091333333322,23.000511000000007,162.00057999999987
191,COMP_M,0,Mod0,M.USER.APP.0,15,73,68,89,None,0.0005,163.00008099999985,163.00058099999984,8.0,163.00008099999985
7,COMP_M,0,Mod2,M0_2,73,74,89,32,Mod0,0.0004,163.00058099999987,163.00098099999988,23.000511000000007,163.00058099999987
119,COMP_M,0,Mod0,M.USER.APP.0,18,73,62,89,None,0.0005,164.00008199999985,164.00058199999984,5.0,164.00008199999985
279,COMP_M,0,Mod0,M.USER.APP.0,3,73,78,89,None,0.0005,165.00008199999985,165.00058199999984,12.0,165.00008199999985
258,COMP_M,0,Mod0,M.USER.APP.0,7,73,2,89,None,0.0005,166.00008299999985,166.00058299999984,11.0,166.00008299999985
7,COMP_M,0,Mod3,M0_3,73,71,89,48,Mod0,0.0004,166.00058199999987,166.00098199999988,23.000511000000007,166.00058199999987
7,COMP_M,0,Mod4,M0_4,73,72,89,49,Mod0,0.001,166.00058299999986,166.00158299999987,23.000511000000007,166.00058299999986
48,COMP_M,0,Mod0,M.USER.APP.0,22,73,74,89,None,0.0005,167.00008299999985,167.00058299999984,2.0,167.00008299999985
7,COMP_M,0,Mod5,M1_1,47,70,22,75,Mod1,0.0003333333333333333,167.0009153333332,167.00124866666656,162.00091333333322,167.0009153333332
270,COMP_M,0,Mod0,M.USER.APP.0,19,73,97,89,None,0.0005,168.00008399999984,168.00058399999983,11.0,168.00008399999984
238,COMP_M,0,Mod0,M.USER.APP.0,12,73,66,89,None,0.0005,169.00008399999984,169.00058399999983,10.0,169.00008399999984
7,COMP_M,0,Mod5,M1_4,72,70,49,75,Mod4,0.0003333333333333333,169.00158499999986,169.0019183333332,166.00158299999987,169.00158499999986
514,COMP_M,0,Mod0,M.USER.APP.0,13,73,44,89,None,0.0005,170.00008499999984,170.00058499999983,22.0,170.00008499999984
64,COMP_M,0,Mod1,M0_1,73,47,89,22,Mod0,0.0003333333333333333,170.00058399999986,170.0009173333332,24.000512000000004,170.00058399999986
81,COMP_M,0,Mod0,M.USER.APP.0,5,73,63,89,None,0.0005,171.00008499999984,171.00058499999983,4.0,171.00008499999984
64,COMP_M,0,Mod2,M0_2,73,74,89,32,Mod0,0.0004,171.00058499999986,171.00098499999987,24.000512000000004,171.00058499999986
71,COMP_M,0,Mod0,M.USER.APP.0,20,73,59,89,None,0.0005,172.00008599999984,172.00058599999983,3.0,172.00008599999984
242,COMP_M,0,Mod0,M.USER.APP.0,16,73,45,89,None,0.0005,173.00008599999984,173.00058599999983,10.0,173.00008599999984
274,COMP_M,0,Mod0,M.USER.APP.0,23,73,99,89,None,0.0005,174.00008699999984,174.00058699999983,11.0,174.00008699999984
64,COMP_M,0,Mod3,M0_3,73,71,89,48,Mod0,0.0004,174.00058599999986,174.00098599999987,24.000512000000004,174.00058599999986
64,COMP_M,0,Mod4,M0_4,73,72,89,49,Mod0,0.001,174.00058699999985,174.00158699999986,24.000512000000004,174.00058699999985
309,COMP_M,0,Mod0,M.USER.APP.0,8,73,64,89,None,0.0005,175.00008699999984,175.00058699999983,13.0,175.00008699999984
64,COMP_M,0,Mod5,M1_1,47,70,22,75,Mod1,0.0003333333333333333,175.0009193333332,175.00125266666655,170.0009173333332,175.0009193333332
276,COMP_M,0,Mod0,M.USER.APP.0,0,73,97,89,None,0.0005,176.00008799999983,176.00058799999982,12.0,176.00008799999983
103,COMP_M,0,Mod0,M.USER.APP.0,2,73,63,89,None,0.0005,177.00008799999983,177.00058799999982,5.0,177.00008799999983
64,COMP_M,0,Mod5,M1_4,72,70,49,75,Mod4,0.0003333333333333333,177.00158899999985,177.0019223333332,174.00158699999986,177.00158899999985
143,COMP_M,0,Mod0,M.USER.APP.0,17,73,62,89,None,0.0005,178.00008899999983,178.00058899999982,6.0,178.00008899999983
29,COMP_M,0,Mod1,M0_1,73,47,89,22,Mod0,0.0003333333333333333,178.00058799999985,178.0009213333332,25.000512000000008,178.00058799999985
15,COMP_M,0,Mod5,M1_2,74,70,32,75,Mod2,0.0003333333333333333,178.00158999999985,178.0019233333332,75.00093699999998,178.00158999999985
304,COMP_M,0,Mod0,M.USER.APP.0,3,73,78,89,None,0.0005,179.00008899999983,179.00058899999982,13.0,179.00008899999983
29,COMP_M,0,Mod2,M0_2,73,74,89,32,Mod0,0.0004,179.00058899999985,179.00098899999986,25.000512000000008,179.00058899999985
283,COMP_M,0,Mod0,M.USER.APP.0,7,73,2,89,None,0.0005,180.00008999999983,180.00058999999982,12.0,180.00008999999983
152,COMP_M,0,Mod0,M.USER.APP.0,1,73,33,89,None,0.0005,181.00008999999983,181.00058999999982,7.0,181.00008999999983
295,COMP_M,0,Mod0,M.USER.APP.0,19,73,97,89,None,0.0005,182.00009099999983,182.00059099999982,12.0,182.00009099999983
29,COMP_M,0,Mod3,M0_3,73,71,89,48,Mod0,0.0004,182.00058999999985,182.00098999999986,25.000512000000008,182.00058999999985
29,COMP_M,0,Mod4,M0_4,73,72,89,49,Mod0,0.001,182.00059099999984,182.00159099999985,25.000512000000008,182.00059099999984
14,COMP_M,0,Mod5,M1_3,71,70,48,75,Mod3,0.0003333333333333333,183.00004699999988,183.00038033333323,46.00092200000001,183.00004699999988
263,COMP_M,0,Mod0,M.USER.APP.0,12,73,66,89,None,0.0005,183.00009099999983,183.00059099999982,11.0,183.00009099999983
29,COMP_M,0,Mod5,M1_1,47,70,22,75,Mod1,0.0003333333333333333,184.00004799999988,184.00038133333322,178.0009213333332,184.00004799999988
136,COMP_M,0,Mod0,M.USER.APP.0,10,73,95,89,None,0.0005,184.00009199999982,184.0005919999998,6.0,184.00009199999982
216,COMP_M,0,Mod0,M.USER.APP.0,15,73,68,89,None,0.0005,185.00009199999982,185.0005919999998,9.0,185.00009199999982
29,COMP_M,0,Mod5,M1_4,72,70,49,75,Mod4,0.0003333333333333333,185.00159299999984,185.0019263333332,182.00159099999985,185.00159299999984
299,COMP_M,0,Mod0,M.USER.APP.0,23,73,99,89,None,0.0005,186.00009299999982,186.0005929999998,12.0,186.00009299999982
45,COMP_M,0,Mod1,M0_1,73,47,89,22,Mod0,0.0003333333333333333,186.00059199999984,186.00092533333319,26.00051300000001,186.00059199999984
267,COMP_M,0,Mod0,M.USER.APP.0,16,73,45,89,None,0.0005,187.00009299999982,187.0005929999998,11.0,187.00009299999982
45,COMP_M,0,Mod2,M0_2,73,74,89,32,Mod0,0.0004,187.00059299999984,187.00099299999985,26.00051300000001,187.00059299999984
301,COMP_M,0,Mod0,M.USER.APP.0,0,73,97,89,None,0.0005,188.00009399999982,188.0005939999998,13.0,188.00009399999982
334,COMP_M,0,Mod0,M.USER.APP.0,8,73,64,89,None,0.0005,189.00009399999982,189.0005939999998,15.0,189.00009399999982
539,COMP_M,0,Mod0,M.USER.APP.0,13,73,44,89,None,0.0005,190.00009499999982,190.0005949999998,25.0,190.00009499999982
45,COMP_M,0,Mod3,M0_3,73,71,89,48,Mod0,0.0004,190.00059399999984,190.00099399999985,26.00051300000001,190.00059399999984
45,COMP_M,0,Mod4,M0_4,73,72,89,49,Mod0,0.001,190.00059499999983,190.00159499999984,26.00051300000001,190.00059499999983
57,COMP_M,0,Mod0,M.USER.APP.0,6,73,52,89,None,0.0005,191.00009499999982,191.0005949999998,3.0,191.00009499999982
45,COMP_M,0,Mod5,M1_1,47,70,22,75,Mod1,0.0003333333333333333,191.00092733333318,191.00126066666652,186.00092533333319,191.00092733333318
144,COMP_M,0,Mod0,M.USER.APP.0,18,73,62,89,None,0.0005,192.00009599999981,192.0005959999998,6.0,192.00009599999981
329,COMP_M,0,Mod0,M.USER.APP.0,3,73,78,89,None,0.0005,193.00009599999981,193.0005959999998,15.0,193.00009599999981
45,COMP_M,0,Mod5,M1_4,72,70,49,75,Mod4,0.0003333333333333333,193.00159699999983,193.00193033333318,190.00159499999984,193.00159699999983
308,COMP_M,0,Mod0,M.USER.APP.0,7,73,2,89,None,0.0005,194.0000969999998,194.0005969999998,13.0,194.0000969999998
12,COMP_M,0,Mod1,M0_1,73,47,89,22,Mod0,0.0003333333333333333,194.00059599999983,194.00092933333318,27.00051300000001,194.00059599999983
62,COMP_M,0,Mod0,M.USER.APP.0,11,73,74,89,None,0.0005,195.0000969999998,195.0005969999998,3.0,195.0000969999998
17,COMP_M,0,Mod5,M1_2,74,70,32,75,Mod2,0.0003333333333333333,195.00009749999978,195.00043083333313,83.00094099999997,195.00009749999978
12,COMP_M,0,Mod2,M0_2,73,74,89,32,Mod0,0.0004,195.00059699999983,195.00099699999984,27.00051300000001,195.00059699999983
320,COMP_M,0,Mod0,M.USER.APP.0,19,73,97,89,None,0.0005,196.0000979999998,196.0005979999998,13.0,196.0000979999998
130,COMP_M,0,Mod0,M.USER.APP.0,4,73,70,89,None,0.0005,197.0000979999998,197.0005979999998,6.0,197.0000979999998
564,COMP_M,0,Mod0,M.USER.APP.0,13,73,44,89,None,0.0005,198.0000989999998,198.0005989999998,26.0,198.0000989999998
12,COMP_M,0,Mod3,M0_3,73,71,89,48,Mod0,0.0004,198.00059799999983,198.00099799999984,27.00051300000001,198.00059799999983
12,COMP_M,0,Mod4,M0_4,73,72,89,49,Mod0,0.001,198.00059899999982,198.00159899999983,27.00051300000001,198.00059899999982
110,COMP_M,0,Mod0,M.USER.APP.0,9,73,42,89,None,0.0005,199.0000989999998,199.0005989999998,5.0,199.0000989999998
12,COMP_M,0,Mod5,M1_1,47,70,22,75,Mod1,0.0003333333333333333,199.00093133333317,199.00126466666651,194.00092933333318,199.00093133333317
